<beans xmlns="http://www.springframework.org/schema/beans"
	xmlns:xsi="http://www.w3.org/2001/XMLSchema-instance"
	xmlns:p="http://www.springframework.org/schema/p"
	xmlns:aop="http://www.springframework.org/schema/aop"
	xmlns:context="http://www.springframework.org/schema/context"
	xmlns:jee="http://www.springframework.org/schema/jee"
	xmlns:tx="http://www.springframework.org/schema/tx"
	xmlns:task="http://www.springframework.org/schema/task"
	xsi:schemaLocation="http://www.springframework.org/schema/aop http://www.springframework.org/schema/aop/spring-aop-3.2.xsd http://www.springframework.org/schema/beans http://www.springframework.org/schema/beans/spring-beans-3.2.xsd http://www.springframework.org/schema/context http://www.springframework.org/schema/context/spring-context-3.2.xsd http://www.springframework.org/schema/jee http://www.springframework.org/schema/jee/spring-jee-3.2.xsd http://www.springframework.org/schema/tx http://www.springframework.org/schema/tx/spring-tx-3.2.xsd http://www.springframework.org/schema/task http://www.springframework.org/schema/task/spring-task-3.2.xsd">
	

	<context:annotation-config></context:annotation-config>
	
	
	<!-- Enable @AspectJ annotation support  -->
    <aop:aspectj-autoproxy />
    
	<bean id="Triangle" class="com.au.spring.model.Triangle">
		<property name="Type" value="Equilateral Triangle"></property>
		<property name="pointA" ref="pointA"></property>
		<property name="pointB" ref="pointB"></property>
		<property name="pointC" ref="pointC"></property>
		<property name="pointMap">
			<map>
				<entry key="A">
					<bean  class="com.au.spring.model.Point">
						<property name="x" value="1"></property>
						<property name="y" value="2"></property>
					</bean>
				</entry>
				<entry key="B">
					<bean  class="com.au.spring.model.Point">
						<property name="x" value="3"></property>
						<property name="y" value="4"></property>
					</bean>
				</entry>
				<entry key="C">
					<bean  class="com.au.spring.model.Point">
						<property name="x" value="5"></property>
						<property name="y" value="6"></property>
					</bean>
				</entry>
			</map>
		</property>
		
	</bean>
	

	
	<bean id="pointA" class="com.au.spring.model.Point">
		<property name="x" value="10"></property>
		<property name="y" value="10"></property>
	</bean>
	
	<bean id="pointB" class="com.au.spring.model.Point">
		<property name="x" value="10"></property>
		<property name="y" value="50"></property>
	</bean>
	
	<bean id="pointC" class="com.au.spring.model.Point">
		<property name="x" value="40"></property>
		<property name="y" value="50"></property>
	</bean>
	<bean id="circle" class="com.au.spring.model.Circle">
		<constructor-arg name="Type" value="Circle"></constructor-arg>
		<constructor-arg name="radius" value="10"></constructor-arg>
		<constructor-arg name="center" >			
			<bean id="center" class="com.au.spring.model.Point">
				<property name="x" value="10"></property>
				<property name="y" value="20"></property>
			</bean>
		</constructor-arg>
	</bean>	
	
	<bean id="simpleclass" class="com.au.spring.model.AreaCollector">
	</bean>	
		
	<bean id="aspects" class="com.au.spring.model.AreaAspact">
	</bean>	
</beans>